<?xml version="1.0" encoding="UTF-8"?>
<project-private xmlns="http://www.netbeans.org/ns/project-private/1">
    <editor-bookmarks xmlns="http://www.netbeans.org/ns/editor-bookmarks/2" lastBookmarkId="0"/>
    <open-files xmlns="http://www.netbeans.org/ns/projectui-open-files/2">
        <group>
            <file>file:/C:/Users/Elijah/Desktop/SchoolCode/mobileDev/Project/Mobile_Project/public_html/Scores.html</file>
            <file>file:/C:/Users/Elijah/Desktop/SchoolCode/mobileDev/Project/Mobile_Project/public_html/_javascript/gamepage.js</file>
            <file>file:/C:/Users/Elijah/Desktop/SchoolCode/mobileDev/Project/Mobile_Project/public_html/Main.html</file>
            <file>file:/C:/Users/Elijah/Desktop/SchoolCode/mobileDev/Project/Mobile_Project/public_html/_CSS/scores_desktop.css</file>
            <file>file:/C:/Users/Elijah/Desktop/SchoolCode/mobileDev/Project/Mobile_Project/public_html/_javascript/mainpage.js</file>
            <file>file:/C:/Users/Elijah/Desktop/SchoolCode/mobileDev/Project/Mobile_Project/public_html/_javascript/scorespage.js</file>
            <file>file:/C:/Users/Elijah/Desktop/SchoolCode/mobileDev/Project/Mobile_Project/public_html/_CSS/scores.css</file>
            <file>file:/C:/Users/Elijah/Desktop/SchoolCode/mobileDev/Project/Mobile_Project/public_html/_CSS/scores_mobile.css</file>
            <file>file:/C:/Users/Elijah/Desktop/SchoolCode/mobileDev/Project/Mobile_Project/public_html/Game.html</file>
        </group>
    </open-files>
</project-private>
